time;green.algae_relBio;Chrysophyta_relBio;Diatoms_relBio;Dinoflagellates_relBio;Gymnodinium_helveticum_relBio;Cryptophyceae_relBio;Ciliata_relBio;Rotifera_relBio
winter_2019;13.8184994;5.28574338;44.71116463;2.400973006;3.018685502;10.08134824;19.00653835;1.677047501
spring_2019;9.088226154;33.81988509;19.90737788;1.100295754;1.020892967;10.6847762;20.40840664;3.970139318
summer_2019;12.91068787;7.795163326;10.20035637;11.61738238;0.300968455;12.54181967;33.19682063;11.43680131
autumn_2019;10.63411984;9.870478492;9.92413381;6.42155891;3.40680599;19.3208795;29.06600349;11.35601997
winter_2020;4.345007157;25.3294704;25.2625482;0.196856219;2.147522391;15.44945567;23.68993598;3.579203984
2019_2020;10.47665679;17.3597526;21.51426278;4.641033946;1.679688699;12.86691663;25.07782496;6.383863591
